CARDID;STARTDATE;EXPIREDDATE;TYPECARD;CUSID;ACCID;BRANCHID
V00000001;2019-02-21;2022-05-19;VISA Infinite;C00000009;A00000007;BR0000019
V00000002;2019-05-08;2022-04-01;VISA Signature;C00000019;A00000001;BR0000046
V00000003;2019-03-23;2021-07-20;VISA Infinite;C00000041;A00000002;BR0000013
V00000004;2019-02-24;2022-03-29;VISA Signature;C00000042;A00000003;BR0000017
V00000005;2019-06-23;2021-02-26;VISA Signature;C00000056;A00000004;BR0000045
V00000006;2019-09-14;2021-01-10;VISA Standard;C00000060;A00000005;BR0000024
V00000007;2019-12-22;2022-12-24;VISA Signature;C00000077;A00000006;BR0000021
V00000008;2019-06-30;2021-05-02;VISA Infinite;C00000079;A00000007;BR0000042
V00000009;2019-03-03;2022-10-25;VISA Standard;C00000083;A00000008;BR0000021
V00000010;2019-05-29;2022-09-03;VISA Signature;C00000087;A00000009;BR0000003
V00000011;2019-08-23;2021-04-12;VISA Signature;C00000112;A00000010;BR0000021
V00000012;2019-09-09;2021-09-20;VISA Signature;C00000114;A00000011;BR0000007
V00000013;2019-04-18;2022-08-05;VISA Signature;C00000116;A00000012;BR0000007
V00000014;2019-03-23;2021-07-02;VISA Signature;C00000127;A00000013;BR0000045
V00000015;2019-09-18;2021-04-02;VISA Signature;C00000128;A00000014;BR0000024
V00000016;2019-03-06;2022-08-22;VISA Signature;C00000130;A00000015;BR0000024
V00000017;2019-09-26;2021-12-15;VISA Signature;C00000131;A00000016;BR0000024
V00000018;2019-12-24;2021-08-15;VISA Signature;C00000132;A00000017;BR0000017
V00000019;2019-07-11;2021-02-02;VISA Signature;C00000138;A00000018;BR0000001
V00000020;2019-12-06;2021-08-11;VISA Signature;C00000146;A00000019;BR0000035
V00000021;2019-05-14;2022-02-10;VISA Standard;C00000153;A00000020;BR0000032
V00000022;2019-04-17;2022-07-26;VISA Signature;C00000161;A00000021;BR0000034
V00000023;2019-08-12;2021-04-07;VISA Standard;C00000167;A00000022;BR0000024
V00000024;2019-03-17;2022-11-22;VISA Standard;C00000174;A00000023;BR0000012
V00000025;2019-07-19;2022-08-06;VISA Signature;C00000192;A00000024;BR0000029
V00000026;2019-09-07;2021-04-14;VISA Signature;C00000202;A00000025;BR0000027
V00000027;2019-10-03;2022-09-15;VISA Signature;C00000208;A00000026;BR0000032
V00000028;2019-09-02;2021-04-28;VISA Signature;C00000219;A00000027;BR0000019
V00000029;2019-12-28;2022-11-07;VISA Standard;C00000221;A00000029;BR0000045
V00000030;2019-08-10;2021-07-18;VISA Signature;C00000225;A00000030;BR0000037
V00000031;2019-09-23;2021-12-11;VISA Signature;C00000231;A00000031;BR0000008
V00000032;2019-08-08;2021-03-09;VISA Signature;C00000238;A00000032;BR0000018
V00000033;2019-10-21;2022-03-07;VISA Signature;C00000242;A00000033;BR0000004
V00000034;2019-04-24;2022-02-25;VISA Signature;C00000254;A00000034;BR0000015
V00000035;2019-08-15;2021-07-18;VISA Signature;C00000255;A00000035;BR0000001
V00000036;2019-06-07;2021-08-18;VISA Signature;C00000256;A00000036;BR0000024
V00000037;2019-05-30;2021-05-09;VISA Standard;C00000264;A00000037;BR0000015
V00000038;2019-04-03;2022-11-26;VISA Signature;C00000267;A00000038;BR0000042
V00000039;2019-05-10;2022-09-26;VISA Standard;C00000268;A00000039;BR0000016
V00000040;2019-09-23;2021-10-09;VISA Signature;C00000272;A00000040;BR0000029
V00000041;2019-11-21;2022-11-07;VISA Signature;C00000273;A00000041;BR0000001
V00000042;2019-09-21;2022-09-02;VISA Signature;C00000280;A00000042;BR0000047
V00000043;2019-09-07;2021-07-17;VISA Signature;C00000295;A00000043;BR0000028
V00000044;2019-07-14;2022-04-22;VISA Signature;C00000305;A00000044;BR0000029
V00000045;2019-12-15;2022-11-28;VISA Signature;C00000309;A00000045;BR0000042
V00000046;2019-08-30;2021-12-19;VISA Signature;C00000321;A00000047;BR0000046
V00000047;2019-11-02;2021-02-24;VISA Infinite;C00000326;A00000048;BR0000001
V00000048;2019-04-16;2021-04-12;VISA Signature;C00000333;A00000049;BR0000024
V00000049;2019-07-05;2022-08-10;VISA Signature;C00000334;A00000050;BR0000037
V00000050;2019-12-26;2021-05-10;VISA Signature;C00000335;A00000051;BR0000024
V00000051;2019-12-05;2021-09-08;VISA Signature;C00000339;A00000052;BR0000021
V00000052;2019-05-01;2022-07-03;VISA Signature;C00000347;A00000053;BR0000019
V00000053;2019-03-07;2022-02-09;VISA Signature;C00000358;A00000054;BR0000010
V00000054;2019-12-23;2022-09-23;VISA Signature;C00000365;A00000055;BR0000021
V00000055;2019-03-18;2022-03-08;VISA Signature;C00000370;A00000056;BR0000019
V00000056;2019-02-22;2021-05-03;VISA Signature;C00000374;A00000057;BR0000048
V00000057;2019-07-13;2021-04-16;VISA Standard;C00000378;A00000058;BR0000021
V00000058;2019-05-02;2022-09-21;VISA Signature;C00000402;A00000059;BR0000022
V00000059;2019-11-08;2022-08-31;VISA Signature;C00000414;A00000061;BR0000029
V00000060;2019-11-07;2022-04-23;VISA Signature;C00000425;A00000062;BR0000002
V00000061;2019-12-26;2022-02-19;VISA Standard;C00000429;A00000063;BR0000021
V00000062;2019-05-15;2021-01-14;VISA Signature;C00000434;A00000064;BR0000029
V00000063;2019-07-29;2021-05-27;VISA Signature;C00000438;A00000065;BR0000037
V00000064;2019-03-27;2021-05-15;VISA Signature;C00000439;A00000066;BR0000019
V00000065;2019-06-14;2022-06-23;VISA Signature;C00000441;A00000067;BR0000021
V00000066;2019-03-18;2021-01-11;VISA Signature;C00000447;A00000068;BR0000030
V00000067;2019-05-27;2022-11-17;VISA Standard;C00000451;A00000069;BR0000028
V00000068;2019-03-28;2021-03-13;VISA Signature;C00000453;A00000070;BR0000024
V00000069;2019-10-25;2022-10-01;VISA Signature;C00000457;A00000071;BR0000029
V00000070;2019-03-27;2021-07-05;VISA Signature;C00000464;A00000072;BR0000025
V00000071;2019-06-29;2021-09-12;VISA Signature;C00000466;A00000073;BR0000021
V00000072;2019-07-15;2021-08-04;VISA Signature;C00000468;A00000075;BR0000003
V00000073;2019-08-27;2021-07-27;VISA Signature;C00000469;A00000076;BR0000019
V00000074;2019-10-04;2021-10-13;VISA Signature;C00000471;A00000077;BR0000014
V00000075;2019-04-05;2022-02-12;VISA Signature;C00000473;A00000078;BR0000021
V00000076;2019-05-24;2022-08-25;VISA Signature;C00000474;A00000079;BR0000029
V00000077;2019-11-01;2022-06-09;VISA Signature;C00000483;A00000080;BR0000021
V00000078;2019-04-20;2021-12-04;VISA Signature;C00000487;A00000081;BR0000021
V00000079;2019-05-19;2021-09-22;VISA Signature;C00000489;A00000082;BR0000008
V00000080;2019-03-27;2022-04-22;VISA Signature;C00000490;A00000083;BR0000019
V00000081;2019-11-20;2021-05-04;VISA Signature;C00000493;A00000084;BR0000008
V00000082;2019-11-13;2022-01-12;VISA Signature;C00000496;A00000085;BR0000029
V00000083;2019-09-08;2022-09-02;VISA Signature;C00000497;A00000086;BR0000007
V00000084;2019-11-22;2021-12-12;VISA Signature;C00000503;A00000088;BR0000024
V00000085;2019-12-10;2022-10-21;VISA Standard;C00000504;A00000089;BR0000017
V00000086;2019-09-24;2022-04-05;VISA Signature;C00000508;A00000090;BR0000024
V00000087;2019-07-21;2022-07-31;VISA Signature;C00000510;A00000091;BR0000028
V00000088;2019-03-16;2021-03-03;VISA Signature;C00000513;A00000093;BR0000011
V00000089;2019-08-15;2022-02-06;VISA Standard;C00000519;A00000095;BR0000049
V00000090;2019-04-19;2022-06-09;VISA Signature;C00000528;A00000096;BR0000042
V00000091;2019-12-12;2022-08-29;VISA Standard;C00000531;A00000097;BR0000001
V00000092;2019-12-06;2022-10-07;VISA Signature;C00000537;A00000098;BR0000021
V00000093;2019-01-27;2021-02-26;VISA Infinite;C00000548;A00000099;BR0000036
V00000094;2019-09-01;2021-05-06;VISA Infinite;C00000562;A00000100;BR0000036
V00000095;2019-03-03;2022-09-17;VISA Signature;C00000566;A00000101;BR0000046
V00000096;2019-05-11;2022-02-12;VISA Signature;C00000575;A00000102;BR0000019
V00000097;2019-08-20;2021-12-06;VISA Standard;C00000584;A00000103;BR0000051
V00000098;2019-05-04;2021-01-28;VISA Signature;C00000588;A00000104;BR0000019
V00000099;2019-08-30;2021-12-08;VISA Signature;C00000590;A00000105;BR0000014
V00000100;2019-05-30;2022-01-28;VISA Signature;C00000592;A00000106;BR0000048
V00000101;2019-11-22;2021-07-22;VISA Signature;C00000593;A00000107;BR0000019
V00000102;2019-02-09;2021-10-21;VISA Signature;C00000597;A00000108;BR0000019
V00000103;2019-12-13;2021-04-23;VISA Signature;C00000605;A00000109;BR0000021
V00000104;2019-08-20;2021-02-06;VISA Signature;C00000608;A00000110;BR0000024
V00000105;2019-06-26;2021-04-08;VISA Signature;C00000615;A00000112;BR0000017
V00000106;2019-05-21;2021-01-26;VISA Standard;C00000626;A00000113;BR0000019
V00000107;2019-01-30;2021-02-19;VISA Standard;C00000629;A00000114;BR0000009
V00000108;2019-01-20;2021-10-10;VISA Signature;C00000638;A00000115;BR0000001
V00000109;2019-05-12;2022-07-05;VISA Signature;C00000646;A00000116;BR0000034
V00000110;2019-07-14;2022-01-28;VISA Standard;C00000649;A00000117;BR0000032
V00000111;2019-07-10;2021-03-14;VISA Signature;C00000652;A00000118;BR0000019
V00000112;2019-02-19;2022-08-06;VISA Signature;C00000655;A00000119;BR0000037
V00000113;2019-05-06;2022-06-07;VISA Signature;C00000662;A00000120;BR0000006
V00000114;2019-12-17;2022-07-05;VISA Standard;C00000666;A00000121;BR0000048
V00000115;2019-05-01;2021-04-08;VISA Standard;C00000667;A00000122;BR0000048
V00000116;2019-05-07;2022-01-16;VISA Signature;C00000679;A00000123;BR0000011
V00000117;2019-09-04;2021-09-10;VISA Signature;C00000688;A00000124;BR0000021
V00000118;2019-06-13;2021-01-07;VISA Infinite;C00000694;A00000125;BR0000027
V00000119;2019-09-18;2022-07-09;VISA Signature;C00000707;A00000126;BR0000021
V00000120;2019-08-17;2021-07-02;VISA Signature;C00000714;A00000127;BR0000035
V00000121;2019-03-12;2021-03-27;VISA Signature;C00000716;A00000128;BR0000021
V00000122;2019-07-10;2022-07-29;VISA Signature;C00000719;A00000129;BR0000029
V00000123;2019-09-24;2022-03-13;VISA Signature;C00000722;A00000130;BR0000008
V00000124;2019-07-11;2022-09-16;VISA Signature;C00000725;A00000131;BR0000021
V00000125;2019-11-15;2022-09-11;VISA Standard;C00000731;A00000132;BR0000007
V00000126;2019-09-28;2021-05-02;VISA Signature;C00000742;A00000133;BR0000021
V00000127;2019-08-04;2021-06-18;VISA Signature;C00000769;A00000134;BR0000038
V00000128;2019-07-07;2022-12-23;VISA Signature;C00000778;A00000135;BR0000032
V00000129;2019-04-11;2021-09-26;VISA Standard;C00000786;A00000136;BR0000024
V00000130;2019-04-09;2021-02-21;VISA Signature;C00000791;A00000137;BR0000017
V00000131;2019-08-09;2022-02-02;VISA Signature;C00000797;A00000138;BR0000011
V00000132;2019-04-21;2021-02-03;VISA Signature;C00000798;A00000139;BR0000001
V00000133;2019-03-04;2022-06-06;VISA Signature;C00000808;A00000140;BR0000035
V00000134;2019-01-11;2022-05-01;VISA Signature;C00000810;A00000141;BR0000019
V00000135;2019-08-17;2021-05-28;VISA Signature;C00000816;A00000142;BR0000004
V00000136;2019-02-10;2022-07-07;VISA Signature;C00000819;A00000143;BR0000007
V00000137;2019-02-06;2022-08-16;VISA Signature;C00000822;A00000144;BR0000042
V00000138;2019-11-21;2022-04-15;VISA Standard;C00000826;A00000145;BR0000021
V00000139;2019-05-08;2021-06-29;VISA Signature;C00000834;A00000146;BR0000001
V00000140;2019-02-21;2022-08-25;VISA Signature;C00000858;A00000148;BR0000046
V00000141;2019-12-24;2022-04-11;VISA Signature;C00000859;A00000149;BR0000021
V00000142;2019-01-09;2021-08-07;VISA Signature;C00000861;A00000150;BR0000021
V00000143;2019-06-20;2022-12-14;VISA Signature;C00000876;A00000151;BR0000021
V00000144;2019-05-31;2021-05-11;VISA Infinite;C00000886;A00000152;BR0000034
V00000145;2019-11-29;2022-06-27;VISA Signature;C00000887;A00000153;BR0000017
V00000146;2019-08-13;2022-02-14;VISA Standard;C00000900;A00000154;BR0000024
V00000147;2019-05-05;2022-08-24;VISA Standard;C00000906;A00000155;BR0000019
V00000148;2019-09-21;2022-09-03;VISA Signature;C00000907;A00000156;BR0000019
V00000149;2019-06-29;2021-07-17;VISA Infinite;C00000928;A00000157;BR0000017
V00000150;2019-08-31;2022-11-21;VISA Signature;C00000946;A00000158;BR0000001
V00000151;2019-12-19;2022-08-27;VISA Signature;C00000954;A00000159;BR0000021
V00000152;2019-06-10;2021-05-16;VISA Signature;C00000963;A00000160;BR0000041
V00000153;2019-04-12;2022-09-14;VISA Standard;C00000967;A00000161;BR0000021
V00000154;2019-04-12;2022-02-03;VISA Signature;C00000984;A00000162;BR0000026
V00000155;2019-03-13;2021-10-27;VISA Signature;C00000992;A00000163;BR0000040
V00000156;2019-04-23;2022-11-17;VISA Standard;C00000996;A00000164;BR0000021
V00000157;2019-12-15;2022-09-23;VISA Signature;C00000999;A00000165;BR0000007
V00000158;2019-06-24;2021-07-13;VISA Signature;C00001011;A00000166;BR0000009
V00000159;2019-06-05;2021-06-22;VISA Signature;C00001018;A00000167;BR0000024
V00000160;2019-01-28;2022-07-15;VISA Signature;C00001019;A00000168;BR0000020
V00000161;2019-12-26;2022-04-12;VISA Signature;C00001020;A00000169;BR0000003
V00000162;2019-12-17;2022-01-09;VISA Signature;C00001027;A00000170;BR0000021
V00000163;2019-09-24;2022-05-12;VISA Signature;C00001030;A00000171;BR0000021
V00000164;2019-09-09;2021-07-17;VISA Signature;C00001031;A00000172;BR0000033
V00000165;2019-02-10;2021-06-01;VISA Standard;C00001039;A00000173;BR0000029
V00000166;2019-08-31;2022-05-13;VISA Signature;C00001040;A00000174;BR0000021
V00000167;2019-12-11;2022-05-08;VISA Signature;C00001049;A00000176;BR0000021
V00000168;2019-09-20;2022-08-20;VISA Signature;C00001056;A00000177;BR0000021
V00000169;2019-12-14;2022-07-19;VISA Signature;C00001057;A00000178;BR0000024
V00000170;2019-06-01;2022-02-15;VISA Signature;C00001059;A00000179;BR0000048
V00000171;2019-10-05;2022-10-06;VISA Signature;C00001062;A00000180;BR0000009
V00000172;2019-08-07;2022-04-27;VISA Signature;C00001066;A00000181;BR0000021
V00000173;2019-12-10;2022-03-10;VISA Infinite;C00001067;A00000182;BR0000021
V00000174;2019-11-19;2022-06-30;VISA Signature;C00001080;A00000183;BR0000001
V00000175;2019-12-13;2021-10-04;VISA Infinite;C00001089;A00000184;BR0000021
V00000176;2019-08-10;2021-09-21;VISA Signature;C00001098;A00000185;BR0000019
V00000177;2019-01-30;2021-06-22;VISA Infinite;C00001133;A00000186;BR0000042
V00000178;2019-04-09;2021-07-16;VISA Signature;C00001140;A00000187;BR0000049
V00000179;2019-09-03;2021-02-20;VISA Signature;C00001146;A00000188;BR0000001
V00000180;2019-07-07;2021-08-05;VISA Signature;C00001157;A00000189;BR0000044
V00000181;2019-05-09;2022-06-30;VISA Signature;C00001165;A00000190;BR0000050
V00000182;2019-07-21;2022-04-09;VISA Standard;C00001168;A00000191;BR0000040
V00000183;2019-03-13;2021-03-21;VISA Signature;C00001169;A00000192;BR0000049
V00000184;2019-03-07;2021-07-16;VISA Infinite;C00001179;A00000193;BR0000021
V00000185;2019-02-06;2021-11-09;VISA Signature;C00001182;A00000194;BR0000017
V00000186;2019-09-01;2021-03-08;VISA Signature;C00001194;A00000195;BR0000004
V00000187;2019-06-09;2022-02-07;VISA Signature;C00001197;A00000196;BR0000018
V00000188;2019-03-05;2022-11-23;VISA Standard;C00001202;A00000197;BR0000046
V00000189;2019-09-24;2021-07-03;VISA Standard;C00001211;A00000198;BR0000021
V00000190;2019-09-23;2021-02-20;VISA Signature;C00001213;A00000199;BR0000021
V00000191;2019-06-23;2022-07-01;VISA Infinite;C00001220;A00000200;BR0000038
V00000192;2019-09-19;2021-02-06;VISA Signature;C00001223;A00000201;BR0000020
V00000193;2019-06-24;2021-04-14;VISA Signature;C00001228;A00000204;BR0000045
V00000194;2019-05-20;2021-07-03;VISA Signature;C00001231;A00000205;BR0000026
V00000195;2019-10-30;2022-06-21;VISA Standard;C00001239;A00000206;BR0000043
V00000196;2019-02-20;2021-08-04;VISA Signature;C00001242;A00000207;BR0000024
V00000197;2019-12-08;2022-04-23;VISA Signature;C00001243;A00000208;BR0000043
V00000198;2019-01-10;2022-06-05;VISA Signature;C00001244;A00000209;BR0000021
V00000199;2019-11-02;2021-12-01;VISA Infinite;C00001246;A00000210;BR0000029
V00000200;2019-12-21;2021-12-15;VISA Signature;C00001251;A00000211;BR0000021
V00000201;2019-01-31;2022-08-05;VISA Signature;C00001253;A00000212;BR0000020
V00000202;2019-10-19;2021-11-12;VISA Signature;C00001271;A00000213;BR0000046
V00000203;2019-11-08;2022-01-16;VISA Signature;C00001280;A00000214;BR0000034
V00000204;2019-04-21;2022-12-23;VISA Infinite;C00001289;A00000215;BR0000019
V00000205;2019-04-08;2021-12-29;VISA Signature;C00001292;A00000216;BR0000020
V00000206;2019-05-25;2021-01-13;VISA Signature;C00001296;A00000217;BR0000019
V00000207;2019-12-11;2021-01-06;VISA Standard;C00001310;A00000218;BR0000008
V00000208;2019-12-20;2022-03-05;VISA Signature;C00001316;A00000219;BR0000024
V00000209;2019-06-02;2022-06-26;VISA Signature;C00001322;A00000220;BR0000044
V00000210;2019-09-16;2022-01-10;VISA Signature;C00001329;A00000221;BR0000048
V00000211;2019-09-27;2021-08-06;VISA Signature;C00001333;A00000222;BR0000019
V00000212;2019-10-02;2021-05-31;VISA Signature;C00001339;A00000223;BR0000013
V00000213;2019-03-23;2021-10-18;VISA Signature;C00001345;A00000224;BR0000037
V00000214;2019-03-16;2021-05-25;VISA Signature;C00001353;A00000225;BR0000001
V00000215;2019-06-07;2021-07-25;VISA Signature;C00001359;A00000226;BR0000021
V00000216;2019-09-07;2022-10-07;VISA Signature;C00001378;A00000227;BR0000007
V00000217;2019-08-14;2021-07-07;VISA Signature;C00001380;A00000228;BR0000014
V00000218;2019-09-01;2021-04-27;VISA Standard;C00001382;A00000229;BR0000049
V00000219;2019-04-17;2021-10-05;VISA Signature;C00001384;A00000230;BR0000038
V00000220;2019-08-30;2021-06-08;VISA Infinite;C00001388;A00000231;BR0000006
V00000221;2019-05-18;2022-08-27;VISA Standard;C00001390;A00000232;BR0000019
V00000222;2019-01-08;2021-07-12;VISA Signature;C00001396;A00000234;BR0000016
V00000223;2019-03-31;2021-06-14;VISA Signature;C00001418;A00000235;BR0000008
V00000224;2019-05-19;2021-02-20;VISA Signature;C00001424;A00000236;BR0000011
V00000225;2019-09-03;2021-11-02;VISA Signature;C00001438;A00000237;BR0000027
V00000226;2019-12-08;2021-04-11;VISA Standard;C00001440;A00000238;BR0000021
V00000227;2019-12-27;2021-02-22;VISA Signature;C00001445;A00000239;BR0000017
V00000228;2019-05-28;2022-04-24;VISA Infinite;C00001452;A00000240;BR0000003
V00000229;2019-03-17;2022-08-07;VISA Infinite;C00001453;A00000241;BR0000027
V00000230;2019-01-29;2022-03-23;VISA Signature;C00001459;A00000242;BR0000044
V00000231;2019-01-10;2022-03-09;VISA Signature;C00001461;A00000243;BR0000015
V00000232;2019-08-16;2021-06-25;VISA Signature;C00001473;A00000244;BR0000021
V00000233;2019-09-04;2022-06-11;VISA Signature;C00001478;A00000245;BR0000044
V00000234;2019-10-04;2022-06-30;VISA Signature;C00001480;A00000246;BR0000019
V00000235;2019-12-07;2022-11-06;VISA Signature;C00001483;A00000248;BR0000021
V00000236;2019-06-08;2022-01-03;VISA Signature;C00001492;A00000249;BR0000019
V00000237;2019-09-11;2022-01-22;VISA Standard;C00001500;A00000250;BR0000021
V00000238;2019-07-16;2022-03-14;VISA Signature;C00001512;A00000251;BR0000006
V00000239;2019-07-28;2022-08-02;VISA Signature;C00001517;A00000252;BR0000017
V00000240;2019-04-01;2021-01-20;VISA Signature;C00001522;A00000253;BR0000024
V00000241;2019-05-28;2021-11-23;VISA Signature;C00001525;A00000255;BR0000021
V00000242;2019-09-13;2021-04-20;VISA Signature;C00001529;A00000256;BR0000005
V00000243;2019-08-13;2021-09-26;VISA Infinite;C00001536;A00000257;BR0000042
V00000244;2019-01-26;2021-12-09;VISA Signature;C00001578;A00000258;BR0000038
V00000245;2019-04-09;2022-05-06;VISA Infinite;C00001579;A00000259;BR0000001
V00000246;2019-01-29;2022-12-15;VISA Signature;C00001583;A00000260;BR0000021
V00000247;2019-08-13;2022-04-02;VISA Signature;C00001589;A00000261;BR0000019
V00000248;2019-04-05;2022-08-21;VISA Signature;C00001607;A00000262;BR0000011
V00000249;2019-02-15;2022-05-26;VISA Signature;C00001610;A00000263;BR0000017
V00000250;2019-09-18;2022-08-13;VISA Signature;C00001616;A00000264;BR0000001
V00000251;2019-12-04;2021-11-14;VISA Infinite;C00001629;A00000265;BR0000015
V00000252;2019-05-31;2021-05-31;VISA Standard;C00001647;A00000266;BR0000019
V00000253;2019-12-10;2021-11-23;VISA Infinite;C00001668;A00000267;BR0000026
V00000254;2019-02-01;2021-06-07;VISA Signature;C00001669;A00000268;BR0000046
V00000255;2019-12-09;2022-09-23;VISA Signature;C00001680;A00000269;BR0000027
V00000256;2019-01-19;2022-07-31;VISA Signature;C00001690;A00000270;BR0000029
V00000257;2019-05-22;2022-07-07;VISA Standard;C00001691;A00000271;BR0000045
V00000258;2019-11-26;2021-12-18;VISA Infinite;C00001707;A00000272;BR0000012
V00000259;2019-08-22;2021-10-09;VISA Infinite;C00001718;A00000273;BR0000021
V00000260;2019-02-22;2022-10-28;VISA Standard;C00001736;A00000274;BR0000008
V00000261;2019-07-27;2021-10-16;VISA Standard;C00001754;A00000275;BR0000019
V00000262;2019-11-04;2022-01-03;VISA Signature;C00001758;A00000276;BR0000023
V00000263;2019-07-20;2022-11-06;VISA Signature;C00001759;A00000277;BR0000024
V00000264;2019-01-01;2021-10-03;VISA Signature;C00001762;A00000278;BR0000019
V00000265;2019-01-21;2021-03-16;VISA Signature;C00001765;A00000279;BR0000019
V00000266;2019-07-14;2021-08-22;VISA Infinite;C00001777;A00000280;BR0000019
V00000267;2019-04-30;2022-11-19;VISA Signature;C00001779;A00000281;BR0000042
V00000268;2019-01-01;2021-07-02;VISA Signature;C00001791;A00000282;BR0000006
V00000269;2019-09-26;2022-04-25;VISA Signature;C00001793;A00000283;BR0000008
V00000270;2019-05-11;2022-07-31;VISA Signature;C00001795;A00000284;BR0000024
V00000271;2019-12-01;2021-02-02;VISA Infinite;C00001799;A00000285;BR0000017
V00000272;2019-04-15;2022-07-14;VISA Signature;C00001800;A00000286;BR0000024
V00000273;2019-05-22;2022-11-18;VISA Signature;C00001807;A00000287;BR0000046
V00000274;2019-04-06;2021-11-10;VISA Infinite;C00001811;A00000288;BR0000021
V00000275;2019-06-22;2022-12-15;VISA Infinite;C00001812;A00000289;BR0000017
V00000276;2019-05-30;2022-11-30;VISA Standard;C00001819;A00000290;BR0000005
V00000277;2019-02-02;2021-08-21;VISA Signature;C00001826;A00000291;BR0000032
V00000278;2019-02-01;2021-03-29;VISA Standard;C00001831;A00000292;BR0000019
V00000279;2019-12-30;2022-01-15;VISA Signature;C00001833;A00000293;BR0000039
V00000280;2019-03-20;2021-09-25;VISA Signature;C00001836;A00000294;BR0000017
V00000281;2019-07-23;2021-04-05;VISA Infinite;C00001842;A00000295;BR0000019
V00000282;2019-10-19;2022-05-18;VISA Signature;C00001850;A00000296;BR0000024
V00000283;2019-05-02;2022-03-24;VISA Signature;C00001861;A00000297;BR0000027
V00000284;2019-05-19;2021-08-03;VISA Signature;C00001864;A00000298;BR0000013
V00000285;2019-10-13;2021-06-21;VISA Infinite;C00001876;A00000299;BR0000021
V00000286;2019-12-25;2022-06-22;VISA Signature;C00001883;A00000300;BR0000049
V00000287;2019-07-12;2022-04-16;VISA Signature;C00001885;A00000301;BR0000046
V00000288;2019-03-09;2022-12-27;VISA Signature;C00001886;A00000302;BR0000034
V00000289;2019-06-11;2022-04-04;VISA Signature;C00001890;A00000303;BR0000020
V00000290;2019-09-03;2021-07-07;VISA Signature;C00001899;A00000304;BR0000012
V00000291;2019-02-26;2022-01-25;VISA Signature;C00001900;A00000305;BR0000030
V00000292;2019-04-04;2022-10-17;VISA Signature;C00001912;A00000306;BR0000019
V00000293;2019-11-19;2022-06-05;VISA Signature;C00001913;A00000307;BR0000019
V00000294;2019-12-13;2021-04-05;VISA Signature;C00001914;A00000308;BR0000016
V00000295;2019-01-22;2021-04-08;VISA Signature;C00001929;A00000309;BR0000019
V00000296;2019-08-05;2022-09-18;VISA Infinite;C00001930;A00000311;BR0000024
V00000297;2019-12-14;2022-12-06;VISA Signature;C00001938;A00000312;BR0000019
V00000298;2019-03-22;2021-08-01;VISA Signature;C00001946;A00000313;BR0000003
V00000299;2019-06-18;2022-04-16;VISA Standard;C00001947;A00000314;BR0000030
V00000300;2019-08-10;2022-06-27;VISA Signature;C00001954;A00000315;BR0000019
V00000301;2019-01-06;2021-09-27;VISA Signature;C00001971;A00000316;BR0000022
V00000302;2019-01-19;2021-01-01;VISA Signature;C00001980;A00000317;BR0000021
V00000303;2019-05-03;2021-02-13;VISA Standard;C00001999;A00000318;BR0000007
V00000304;2019-07-24;2022-07-21;VISA Standard;C00002005;A00000319;BR0000039
V00000305;2019-01-23;2021-06-22;VISA Signature;C00002013;A00000320;BR0000021
V00000306;2019-02-25;2021-09-26;VISA Signature;C00002015;A00000321;BR0000021
V00000307;2019-08-15;2022-05-01;VISA Standard;C00002038;A00000322;BR0000021
V00000308;2019-04-06;2022-06-21;VISA Signature;C00002045;A00000323;BR0000015
V00000309;2019-07-09;2021-01-17;VISA Infinite;C00002058;A00000324;BR0000021
V00000310;2019-01-05;2021-07-27;VISA Signature;C00002063;A00000325;BR0000017
V00000311;2019-07-14;2022-12-29;VISA Standard;C00002065;A00000326;BR0000041
V00000312;2019-06-15;2021-03-29;VISA Signature;C00002074;A00000327;BR0000025
V00000313;2019-02-05;2022-09-30;VISA Signature;C00002102;A00000328;BR0000019
V00000314;2019-10-27;2022-03-19;VISA Signature;C00002104;A00000329;BR0000042
V00000315;2019-06-28;2022-11-10;VISA Signature;C00002117;A00000330;BR0000024
V00000316;2019-07-09;2022-03-22;VISA Standard;C00002121;A00000331;BR0000041
V00000317;2019-02-19;2021-09-18;VISA Infinite;C00002122;A00000332;BR0000021
V00000318;2019-04-23;2022-01-28;VISA Signature;C00002124;A00000333;BR0000017
V00000319;2019-07-05;2022-07-16;VISA Infinite;C00002125;A00000334;BR0000019
V00000320;2019-05-16;2022-03-02;VISA Signature;C00002126;A00000335;BR0000024
V00000321;2019-12-05;2021-06-16;VISA Signature;C00002128;A00000336;BR0000024
V00000322;2019-09-25;2021-06-18;VISA Signature;C00002133;A00000337;BR0000024
V00000323;2019-11-22;2022-06-27;VISA Signature;C00002137;A00000338;BR0000024
V00000324;2019-08-10;2021-11-05;VISA Standard;C00002138;A00000339;BR0000017
V00000325;2019-10-13;2021-12-03;VISA Signature;C00002141;A00000340;BR0000015
V00000326;2019-06-01;2022-09-08;VISA Signature;C00002146;A00000341;BR0000019
V00000327;2019-05-27;2022-04-11;VISA Signature;C00002154;A00000342;BR0000019
V00000328;2019-01-06;2021-05-28;VISA Signature;C00002155;A00000343;BR0000050
V00000329;2019-12-09;2022-01-30;VISA Infinite;C00002156;A00000344;BR0000051
V00000330;2019-09-30;2022-12-19;VISA Signature;C00002157;A00000345;BR0000043
V00000331;2019-07-09;2021-02-20;VISA Signature;C00002164;A00000346;BR0000046
V00000332;2019-08-16;2021-10-14;VISA Signature;C00002168;A00000347;BR0000029
V00000333;2019-11-06;2021-04-19;VISA Signature;C00002175;A00000348;BR0000024
V00000334;2019-12-07;2022-08-16;VISA Signature;C00002177;A00000349;BR0000025
V00000335;2019-10-01;2022-08-17;VISA Signature;C00002184;A00000350;BR0000025
V00000336;2019-06-20;2022-09-18;VISA Signature;C00002203;A00000351;BR0000012
V00000337;2019-01-09;2022-06-03;VISA Signature;C00002214;A00000352;BR0000006
V00000338;2019-08-01;2022-06-11;VISA Signature;C00002226;A00000353;BR0000007
V00000339;2019-01-12;2021-03-05;VISA Signature;C00002232;A00000354;BR0000017
V00000340;2019-07-02;2022-01-02;VISA Signature;C00002235;A00000355;BR0000020
V00000341;2019-12-03;2021-11-07;VISA Signature;C00002259;A00000356;BR0000040
V00000342;2019-07-06;2022-12-18;VISA Infinite;C00002265;A00000357;BR0000024
V00000343;2019-03-16;2022-09-13;VISA Signature;C00002267;A00000358;BR0000021
V00000344;2019-01-10;2021-07-06;VISA Signature;C00002268;A00000359;BR0000012
V00000345;2019-01-20;2021-04-14;VISA Standard;C00002277;A00000360;BR0000021
V00000346;2019-08-08;2021-11-13;VISA Standard;C00002287;A00000361;BR0000046
V00000347;2019-03-14;2021-04-30;VISA Signature;C00002299;A00000362;BR0000018
V00000348;2019-09-13;2022-06-04;VISA Signature;C00002308;A00000363;BR0000001
V00000349;2019-04-27;2022-01-18;VISA Signature;C00002312;A00000364;BR0000043
V00000350;2019-07-11;2022-10-17;VISA Infinite;C00002320;A00000365;BR0000019
V00000351;2019-01-15;2021-11-24;VISA Standard;C00002324;A00000366;BR0000001
V00000352;2019-11-30;2021-09-04;VISA Signature;C00002329;A00000367;BR0000049
V00000353;2019-05-09;2022-09-22;VISA Signature;C00002332;A00000368;BR0000019
V00000354;2019-12-15;2021-01-05;VISA Signature;C00002335;A00000370;BR0000017
V00000355;2019-01-05;2022-08-30;VISA Signature;C00002343;A00000371;BR0000021
V00000356;2019-10-06;2021-11-30;VISA Signature;C00002361;A00000372;BR0000019
V00000357;2019-12-18;2022-01-09;VISA Signature;C00002363;A00000373;BR0000005
V00000358;2019-08-06;2022-06-24;VISA Signature;C00002374;A00000374;BR0000019
V00000359;2019-10-02;2021-07-22;VISA Infinite;C00002388;A00000375;BR0000031
V00000360;2019-11-29;2022-11-02;VISA Signature;C00002395;A00000376;BR0000011
V00000361;2019-01-10;2021-04-30;VISA Signature;C00002401;A00000377;BR0000048
V00000362;2019-04-29;2021-07-21;VISA Signature;C00002423;A00000378;BR0000031
V00000363;2019-08-12;2021-01-15;VISA Standard;C00002425;A00000379;BR0000018
V00000364;2019-10-01;2021-02-08;VISA Signature;C00002428;A00000381;BR0000021
V00000365;2019-01-11;2021-05-29;VISA Signature;C00002429;A00000382;BR0000029
V00000366;2019-12-23;2021-05-18;VISA Signature;C00002430;A00000383;BR0000006
V00000367;2019-09-16;2021-08-04;VISA Signature;C00002431;A00000384;BR0000021
V00000368;2019-01-27;2021-12-06;VISA Signature;C00002434;A00000385;BR0000031
V00000369;2019-05-30;2021-03-31;VISA Signature;C00002440;A00000386;BR0000004
V00000370;2019-12-23;2021-04-29;VISA Infinite;C00002445;A00000387;BR0000001
V00000371;2019-07-09;2021-01-09;VISA Signature;C00002469;A00000388;BR0000001
V00000372;2019-11-02;2022-05-26;VISA Standard;C00002475;A00000389;BR0000014
V00000373;2019-02-16;2022-11-12;VISA Signature;C00002476;A00000390;BR0000021
V00000374;2019-12-16;2021-09-25;VISA Signature;C00002478;A00000391;BR0000019
V00000375;2019-04-17;2021-01-09;VISA Signature;C00002481;A00000392;BR0000018
V00000376;2019-07-02;2021-02-26;VISA Standard;C00002488;A00000393;BR0000019
V00000377;2019-02-06;2022-04-03;VISA Infinite;C00002489;A00000395;BR0000041
V00000378;2019-11-23;2022-09-26;VISA Signature;C00002490;A00000396;BR0000019
V00000379;2019-02-24;2021-01-26;VISA Signature;C00002493;A00000397;BR0000021
V00000380;2019-09-29;2022-02-25;VISA Signature;C00002496;A00000398;BR0000021
V00000381;2019-11-09;2021-07-07;VISA Standard;C00002498;A00000399;BR0000042
V00000382;2019-05-23;2022-03-30;VISA Signature;C00002501;A00000400;BR0000029
V00000383;2019-01-28;2021-06-22;VISA Signature;C00002502;A00000401;BR0000021
V00000384;2019-01-10;2021-10-30;VISA Signature;C00002508;A00000402;BR0000003
V00000385;2019-05-16;2022-03-19;VISA Signature;C00002513;A00000403;BR0000008
V00000386;2019-12-22;2022-11-16;VISA Signature;C00002522;A00000404;BR0000007
V00000387;2019-08-24;2022-09-30;VISA Signature;C00002527;A00000405;BR0000014
V00000388;2019-02-01;2021-09-05;VISA Signature;C00002529;A00000406;BR0000029
V00000389;2019-08-30;2022-11-08;VISA Signature;C00002532;A00000407;BR0000027
V00000390;2019-04-11;2022-12-05;VISA Signature;C00002536;A00000408;BR0000041
V00000391;2019-04-08;2022-12-08;VISA Standard;C00002538;A00000409;BR0000019
V00000392;2019-07-01;2022-11-21;VISA Standard;C00002540;A00000410;BR0000029
V00000393;2019-01-15;2021-03-21;VISA Signature;C00002542;A00000411;BR0000022
V00000394;2019-09-17;2021-07-03;VISA Signature;C00002548;A00000412;BR0000019
V00000395;2019-03-26;2021-10-06;VISA Signature;C00002555;A00000413;BR0000031
V00000396;2019-04-18;2022-04-22;VISA Signature;C00002560;A00000414;BR0000029
V00000397;2019-01-19;2022-10-16;VISA Signature;C00002562;A00000415;BR0000031
V00000398;2019-02-23;2022-10-20;VISA Signature;C00002569;A00000416;BR0000019
V00000399;2019-08-12;2021-09-25;VISA Signature;C00002572;A00000417;BR0000021
V00000400;2019-05-26;2022-06-16;VISA Signature;C00002585;A00000418;BR0000021
V00000401;2019-07-12;2021-08-10;VISA Standard;C00002592;A00000419;BR0000021
V00000402;2019-03-01;2021-04-16;VISA Signature;C00002606;A00000420;BR0000035
V00000403;2019-10-14;2022-12-16;VISA Signature;C00002609;A00000421;BR0000021
V00000404;2019-03-31;2021-02-10;VISA Signature;C00002616;A00000422;BR0000021
V00000405;2019-08-15;2022-07-26;VISA Signature;C00002619;A00000423;BR0000024
V00000406;2019-12-19;2022-10-21;VISA Signature;C00002623;A00000424;BR0000009
V00000407;2019-05-20;2021-04-12;VISA Signature;C00002626;A00000425;BR0000021
V00000408;2019-06-26;2022-10-22;VISA Signature;C00002644;A00000426;BR0000018
V00000409;2019-10-16;2021-12-10;VISA Standard;C00002650;A00000427;BR0000021
V00000410;2019-03-18;2022-06-27;VISA Signature;C00002657;A00000428;BR0000024
V00000411;2019-08-07;2022-08-06;VISA Signature;C00002659;A00000429;BR0000029
V00000412;2019-01-23;2021-12-02;VISA Standard;C00002662;A00000430;BR0000021
V00000413;2019-03-02;2021-03-20;VISA Signature;C00002686;A00000431;BR0000040
V00000414;2019-03-02;2022-05-02;VISA Infinite;C00002688;A00000432;BR0000019
V00000415;2019-02-03;2021-09-09;VISA Signature;C00002698;A00000433;BR0000035
V00000416;2019-09-23;2022-04-12;VISA Signature;C00002709;A00000434;BR0000048
V00000417;2019-10-04;2022-01-28;VISA Signature;C00002713;A00000435;BR0000017
V00000418;2019-05-14;2021-12-31;VISA Infinite;C00002715;A00000436;BR0000010
V00000419;2019-09-10;2021-01-15;VISA Signature;C00002724;A00000437;BR0000023
V00000420;2019-09-19;2022-11-18;VISA Signature;C00002739;A00000438;BR0000032
V00000421;2019-04-05;2022-04-12;VISA Signature;C00002740;A00000439;BR0000017
V00000422;2019-05-12;2021-04-13;VISA Signature;C00002759;A00000440;BR0000033
V00000423;2019-10-26;2022-02-14;VISA Signature;C00002762;A00000441;BR0000027
V00000424;2019-02-03;2021-11-09;VISA Signature;C00002768;A00000442;BR0000021
V00000425;2019-02-14;2021-08-14;VISA Signature;C00002779;A00000443;BR0000027
V00000426;2019-04-13;2021-08-22;VISA Signature;C00002782;A00000444;BR0000035
V00000427;2019-07-23;2022-01-22;VISA Signature;C00002785;A00000445;BR0000013
V00000428;2019-05-05;2021-08-08;VISA Signature;C00002796;A00000446;BR0000050
V00000429;2019-02-11;2021-11-04;VISA Signature;C00002808;A00000447;BR0000011
V00000430;2019-11-18;2022-12-27;VISA Infinite;C00002815;A00000449;BR0000023
V00000431;2019-12-11;2022-09-06;VISA Infinite;C00002820;A00000450;BR0000021
V00000432;2019-05-27;2021-07-19;VISA Signature;C00002841;A00000451;BR0000049
V00000433;2019-10-10;2022-12-14;VISA Signature;C00002845;A00000452;BR0000010
V00000434;2019-08-08;2021-11-15;VISA Signature;C00002864;A00000453;BR0000019
V00000435;2019-11-28;2022-04-25;VISA Signature;C00002865;A00000454;BR0000050
V00000436;2019-07-23;2022-08-27;VISA Signature;C00002880;A00000455;BR0000019
V00000437;2019-01-06;2022-04-20;VISA Standard;C00002888;A00000456;BR0000021
V00000438;2019-05-15;2021-01-24;VISA Signature;C00002910;A00000458;BR0000021
V00000439;2019-01-19;2022-01-07;VISA Infinite;C00002911;A00000459;BR0000047
V00000440;2019-12-07;2021-09-05;VISA Signature;C00002921;A00000460;BR0000041
V00000441;2019-01-19;2022-08-18;VISA Signature;C00002924;A00000461;BR0000049
V00000442;2019-04-27;2022-12-14;VISA Signature;C00002929;A00000462;BR0000021
V00000443;2019-02-01;2022-11-21;VISA Standard;C00002948;A00000463;BR0000046
V00000444;2019-09-03;2022-08-14;VISA Infinite;C00002951;A00000464;BR0000021
V00000445;2019-09-22;2022-04-22;VISA Infinite;C00002958;A00000465;BR0000019
V00000446;2019-09-18;2021-09-29;VISA Signature;C00002971;A00000466;BR0000021
V00000447;2019-06-28;2022-01-09;VISA Infinite;C00002977;A00000467;BR0000016
V00000448;2019-04-11;2022-02-15;VISA Signature;C00002978;A00000468;BR0000051
V00000449;2019-02-15;2022-01-03;VISA Signature;C00002982;A00000469;BR0000018
V00000450;2019-09-08;2021-12-27;VISA Signature;C00002984;A00000470;BR0000019
V00000451;2019-09-27;2021-06-07;VISA Signature;C00002995;A00000471;BR0000023
V00000452;2019-07-26;2021-06-20;VISA Signature;C00002998;A00000472;BR0000021
V00000453;2019-07-25;2021-11-30;VISA Signature;C00003019;A00000473;BR0000039
V00000454;2019-03-30;2021-05-26;VISA Signature;C00003023;A00000474;BR0000009
V00000455;2019-09-04;2021-11-19;VISA Signature;C00003026;A00000475;BR0000013
V00000456;2019-05-08;2022-11-04;VISA Signature;C00003036;A00000476;BR0000009
V00000457;2019-07-15;2021-11-16;VISA Signature;C00003037;A00000477;BR0000041
V00000458;2019-10-13;2021-10-31;VISA Signature;C00003056;A00000478;BR0000024
V00000459;2019-05-23;2022-12-12;VISA Signature;C00003063;A00000479;BR0000001
V00000460;2019-06-30;2021-03-22;VISA Standard;C00003066;A00000480;BR0000001
V00000461;2019-07-09;2021-07-22;VISA Infinite;C00003075;A00000481;BR0000007
V00000462;2019-08-27;2022-12-18;VISA Signature;C00003079;A00000483;BR0000024
V00000463;2019-12-10;2021-12-23;VISA Standard;C00003082;A00000484;BR0000024
V00000464;2019-06-24;2022-10-11;VISA Signature;C00003084;A00000485;BR0000030
V00000465;2019-03-24;2021-05-24;VISA Signature;C00003085;A00000486;BR0000008
V00000466;2019-10-18;2021-09-24;VISA Signature;C00003092;A00000487;BR0000019
V00000467;2019-12-12;2022-02-12;VISA Standard;C00003102;A00000488;BR0000019
V00000468;2019-07-15;2021-04-20;VISA Standard;C00003104;A00000489;BR0000044
V00000469;2019-06-07;2022-01-04;VISA Signature;C00003115;A00000490;BR0000003
V00000470;2019-05-21;2021-06-10;VISA Signature;C00003116;A00000491;BR0000015
V00000471;2019-04-07;2022-11-11;VISA Signature;C00003124;A00000492;BR0000006
V00000472;2019-02-14;2021-01-25;VISA Infinite;C00003128;A00000493;BR0000019
V00000473;2019-07-04;2021-06-04;VISA Signature;C00003130;A00000494;BR0000040
V00000474;2019-11-06;2022-12-18;VISA Infinite;C00003134;A00000496;BR0000021
V00000475;2019-08-31;2022-03-20;VISA Signature;C00003135;A00000497;BR0000019
V00000476;2019-09-13;2022-02-13;VISA Infinite;C00003136;A00000498;BR0000021
V00000477;2019-02-18;2021-11-22;VISA Signature;C00003151;A00000500;BR0000021
V00000478;2019-06-07;2022-08-16;VISA Signature;C00003166;A00000501;BR0000035
V00000479;2019-10-16;2022-09-19;VISA Signature;C00003167;A00000502;BR0000019
V00000480;2019-07-09;2021-03-27;VISA Signature;C00003173;A00000503;BR0000017
V00000481;2019-08-18;2022-07-10;VISA Signature;C00003181;A00000504;BR0000001
V00000482;2019-10-22;2022-05-16;VISA Standard;C00003183;A00000505;BR0000029
V00000483;2019-01-05;2021-12-02;VISA Signature;C00003184;A00000506;BR0000006
V00000484;2019-01-14;2022-09-13;VISA Signature;C00003186;A00000507;BR0000021
V00000485;2019-12-12;2021-04-03;VISA Signature;C00003187;A00000508;BR0000010
V00000486;2019-08-07;2022-12-15;VISA Signature;C00003192;A00000509;BR0000018
V00000487;2019-11-18;2022-06-07;VISA Signature;C00003197;A00000510;BR0000021
V00000488;2019-01-13;2022-07-28;VISA Signature;C00003201;A00000511;BR0000017
V00000489;2019-06-05;2022-12-15;VISA Signature;C00003225;A00000512;BR0000032
V00000490;2019-11-13;2022-04-22;VISA Standard;C00003230;A00000513;BR0000021
V00000491;2019-04-14;2022-02-22;VISA Standard;C00003233;A00000514;BR0000021
V00000492;2019-03-09;2022-01-27;VISA Infinite;C00003236;A00000515;BR0000015
V00000493;2019-08-20;2022-05-19;VISA Signature;C00003245;A00000516;BR0000029
V00000494;2019-04-24;2022-05-09;VISA Signature;C00003249;A00000517;BR0000004
V00000495;2019-01-26;2022-09-05;VISA Infinite;C00003253;A00000518;BR0000029
V00000496;2019-07-08;2021-09-17;VISA Signature;C00003256;A00000519;BR0000036
V00000497;2019-07-25;2021-11-29;VISA Standard;C00003257;A00000520;BR0000024
V00000498;2019-09-15;2021-10-24;VISA Signature;C00003259;A00000521;BR0000019
V00000499;2019-11-07;2021-01-17;VISA Signature;C00003260;A00000522;BR0000007
V00000500;2019-12-09;2021-04-18;VISA Signature;C00003267;A00000523;BR0000019
V00000501;2019-10-31;2021-11-21;VISA Signature;C00003197;A00002651;BR0000021
V00000502;2019-03-20;2021-10-22;VISA Signature;C00003201;A00002653;BR0000017
V00000503;2019-09-18;2021-03-21;VISA Signature;C00003225;A00002670;BR0000032
V00000504;2019-01-30;2021-09-15;VISA Standard;C00003230;A00002675;BR0000021
V00000505;2019-05-10;2021-04-25;VISA Standard;C00003233;A00002678;BR0000021
V00000506;2019-10-25;2022-07-28;VISA Infinite;C00003236;A00002681;BR0000015
V00000507;2019-05-11;2022-04-10;VISA Signature;C00003245;A00002689;BR0000029
V00000508;2019-01-27;2022-03-02;VISA Signature;C00003249;A00002693;BR0000004
V00000509;2019-01-28;2022-12-23;VISA Infinite;C00003253;A00002695;BR0000029
V00000510;2019-02-04;2021-01-10;VISA Signature;C00003256;A00002698;BR0000036
V00000511;2019-04-24;2022-05-28;VISA Standard;C00003257;A00002699;BR0000024
V00000512;2019-05-09;2022-03-09;VISA Signature;C00003259;A00002701;BR0000019
V00000513;2019-02-10;2021-12-26;VISA Signature;C00003260;A00002702;BR0000007
V00000514;2019-03-15;2022-03-22;VISA Signature;C00003267;A00002707;BR0000019
V00000515;2019-03-28;2021-03-19;VISA Signature;C00003268;A00002708;BR0000021
V00000516;2019-02-02;2021-02-07;VISA Signature;C00003279;A00002716;BR0000017
V00000517;2019-12-30;2022-10-23;VISA Signature;C00003291;A00002725;BR0000024
V00000518;2019-10-20;2022-08-26;VISA Infinite;C00003292;A00002726;BR0000049
V00000519;2019-05-06;2022-10-27;VISA Signature;C00003297;A00002731;BR0000021
V00000520;2019-11-24;2022-03-24;VISA Signature;C00003308;A00002741;BR0000050
V00000521;2019-08-25;2022-12-03;VISA Signature;C00003310;A00002742;BR0000030
V00000523;2019-04-28;2022-09-12;VISA Standard;C00003319;A00002749;BR0000021
V00000524;2019-11-27;2022-09-10;VISA Signature;C00003333;A00002760;BR0000012
V00000525;2019-05-19;2022-06-15;VISA Signature;C00003337;A00002764;BR0000024
V00000526;2019-11-06;2022-02-06;VISA Signature;C00003339;A00002766;BR0000035
V00000527;2019-06-05;2021-04-09;VISA Standard;C00003348;A00002773;BR0000024
V00000528;2019-09-17;2022-11-23;VISA Signature;C00003356;A00002779;BR0000024
V00000529;2019-10-16;2022-05-09;VISA Signature;C00003357;A00002780;BR0000024
V00000530;2019-11-24;2021-07-24;VISA Signature;C00003360;A00002783;BR0000005
V00000531;2019-04-06;2022-07-13;VISA Infinite;C00003378;A00002796;BR0000006
V00000532;2019-04-24;2022-01-17;VISA Signature;C00003382;A00002799;BR0000001
V00000533;2019-08-02;2021-11-01;VISA Signature;C00003384;A00002800;BR0000008
V00000534;2019-04-12;2021-08-01;VISA Signature;C00003387;A00002803;BR0000019
V00000535;2019-06-08;2022-06-17;VISA Signature;C00003395;A00002811;BR0000044
V00000536;2019-11-21;2022-06-16;VISA Signature;C00003404;A00002817;BR0000019
V00000537;2019-05-16;2022-10-06;VISA Signature;C00003405;A00002818;BR0000038
V00000538;2019-07-30;2021-04-06;VISA Infinite;C00003414;A00002824;BR0000043
V00000539;2019-07-17;2022-02-25;VISA Signature;C00003415;A00002825;BR0000001
V00000540;2019-02-15;2021-09-25;VISA Signature;C00003425;A00002834;BR0000029
V00000541;2019-01-20;2021-06-07;VISA Standard;C00003427;A00002836;BR0000031
V00000542;2019-02-09;2021-12-19;VISA Signature;C00003439;A00002845;BR0000008
V00000544;2019-12-15;2022-01-01;VISA Infinite;C00003448;A00002854;BR0000021
V00000545;2019-07-09;2021-02-09;VISA Signature;C00003458;A00002862;BR0000051
V00000546;2019-11-19;2022-11-20;VISA Infinite;C00003465;A00002867;BR0000039
V00000547;2019-04-20;2021-01-03;VISA Signature;C00003477;A00002877;BR0000042
V00000548;2019-06-15;2021-05-14;VISA Signature;C00003501;A00002897;BR0000019
V00000549;2019-05-20;2021-11-03;VISA Signature;C00003504;A00002899;BR0000038
V00000550;2019-09-05;2021-11-30;VISA Signature;C00003515;A00002908;BR0000019
V00000551;2019-06-23;2021-08-13;VISA Signature;C00003517;A00002910;BR0000017
V00000552;2019-03-31;2022-04-24;VISA Signature;C00003519;A00002912;BR0000007
V00000553;2019-03-09;2021-08-11;VISA Signature;C00003522;A00002915;BR0000019
V00000554;2019-12-06;2022-12-30;VISA Signature;C00003535;A00002927;BR0000042
V00000555;2019-08-06;2021-10-09;VISA Signature;C00003544;A00002934;BR0000021
V00000557;2019-03-10;2021-06-29;VISA Signature;C00003567;A00002953;BR0000021
V00000558;2019-05-17;2022-01-12;VISA Signature;C00003568;A00002954;BR0000021
V00000559;2019-10-29;2021-10-30;VISA Signature;C00003573;A00002959;BR0000011
V00000560;2019-05-22;2022-06-23;VISA Signature;C00003577;A00002963;BR0000035
V00000561;2019-08-06;2022-06-01;VISA Infinite;C00003581;A00002966;BR0000051
V00000562;2019-07-27;2022-01-28;VISA Signature;C00003583;A00002968;BR0000050
V00000563;2019-05-16;2022-02-25;VISA Signature;C00003589;A00002972;BR0000024
V00000564;2019-08-12;2021-09-28;VISA Signature;C00003590;A00002973;BR0000030
V00000565;2019-09-24;2021-04-13;VISA Infinite;C00003601;A00002982;BR0000040
V00000566;2019-07-30;2021-11-09;VISA Signature;C00003606;A00002986;BR0000024
V00000567;2019-07-14;2021-09-10;VISA Signature;C00003611;A00002990;BR0000039
V00000568;2019-07-11;2021-06-20;VISA Signature;C00003615;A00002993;BR0000021
V00000569;2019-01-12;2022-04-06;VISA Signature;C00003616;A00002994;BR0000021
V00000570;2019-02-09;2021-06-03;VISA Signature;C00003620;A00002998;BR0000045
V00000571;2019-04-01;2021-03-23;VISA Standard;C00003627;A00003003;BR0000049
V00000572;2019-01-01;2021-01-23;VISA Standard;C00003636;A00003010;BR0000029
V00000573;2019-06-11;2022-07-15;VISA Signature;C00003638;A00003012;BR0000036
V00000574;2019-02-22;2022-12-05;VISA Standard;C00003640;A00003014;BR0000021
V00000575;2019-06-30;2021-03-28;VISA Infinite;C00003667;A00003035;BR0000029
V00000576;2019-01-06;2021-02-11;VISA Signature;C00003671;A00003038;BR0000012
V00000577;2019-12-03;2021-07-25;VISA Signature;C00003687;A00003050;BR0000036
V00000578;2019-08-08;2021-01-23;VISA Standard;C00003689;A00003051;BR0000019
V00000579;2019-06-08;2021-09-14;VISA Signature;C00003699;A00003059;BR0000021
V00000580;2019-08-05;2021-03-07;VISA Signature;C00003713;A00003071;BR0000008
V00000581;2019-09-24;2021-06-27;VISA Signature;C00003721;A00003077;BR0000041
V00000582;2019-10-05;2022-10-24;VISA Signature;C00003733;A00003086;BR0000021
V00000583;2019-09-28;2022-06-04;VISA Signature;C00003735;A00003088;BR0000049
V00000584;2019-03-24;2022-03-04;VISA Signature;C00003751;A00003102;BR0000051
V00000585;2019-07-17;2021-09-16;VISA Infinite;C00003753;A00003103;BR0000021
V00000586;2019-10-14;2021-09-24;VISA Signature;C00003756;A00003106;BR0000028
V00000587;2019-06-02;2022-05-25;VISA Standard;C00003763;A00003112;BR0000024
V00000588;2019-08-02;2022-06-15;VISA Signature;C00003765;A00003113;BR0000047
V00000589;2019-12-27;2021-10-24;VISA Standard;C00003766;A00003114;BR0000021
V00000590;2019-06-29;2022-01-27;VISA Signature;C00003769;A00003116;BR0000001
V00000591;2019-01-09;2021-03-15;VISA Signature;C00003779;A00003124;BR0000018
V00000592;2019-11-15;2022-01-12;VISA Standard;C00003782;A00003127;BR0000021
V00000593;2019-04-01;2022-12-19;VISA Standard;C00003787;A00003131;BR0000045
V00000594;2019-01-30;2021-01-11;VISA Standard;C00003794;A00003138;BR0000042
V00000596;2019-02-13;2021-08-02;VISA Signature;C00003811;A00003151;BR0000018
V00000597;2019-08-02;2022-08-11;VISA Standard;C00003813;A00003153;BR0000033
V00000598;2019-03-08;2022-07-30;VISA Signature;C00003821;A00003160;BR0000013
V00000599;2019-06-26;2022-08-25;VISA Infinite;C00003824;A00003163;BR0000008
V00000600;2019-11-12;2021-04-19;VISA Signature;C00003829;A00003166;BR0000019
V00000601;2019-12-25;2021-03-03;VISA Signature;C00003830;A00003167;BR0000049
V00000602;2019-04-19;2021-03-04;VISA Standard;C00003846;A00003181;BR0000001
V00000603;2019-10-13;2021-06-10;VISA Signature;C00003850;A00003185;BR0000047
V00000604;2019-06-23;2021-11-13;VISA Signature;C00003858;A00003192;BR0000049
V00000605;2019-12-06;2021-03-23;VISA Signature;C00003874;A00003204;BR0000019
V00000606;2019-01-24;2021-12-31;VISA Signature;C00003883;A00003210;BR0000049
V00000607;2019-08-04;2022-04-09;VISA Signature;C00003885;A00003212;BR0000029
V00000608;2019-09-10;2021-04-15;VISA Signature;C00003890;A00003216;BR0000022
V00000609;2019-07-21;2021-03-13;VISA Signature;C00003893;A00003219;BR0000021
V00000610;2019-05-15;2021-01-09;VISA Signature;C00003894;A00003220;BR0000027
V00000611;2019-05-21;2022-10-25;VISA Signature;C00003896;A00003221;BR0000006
V00000612;2019-06-05;2021-01-09;VISA Signature;C00003906;A00003229;BR0000041
V00000613;2019-12-26;2021-10-19;VISA Signature;C00003913;A00003235;BR0000011
V00000614;2019-08-28;2021-10-13;VISA Standard;C00003938;A00003255;BR0000001
V00000616;2019-07-23;2021-06-28;VISA Signature;C00003943;A00003259;BR0000021
V00000617;2019-11-15;2021-03-17;VISA Infinite;C00003944;A00003260;BR0000011
V00000618;2019-07-17;2022-07-04;VISA Signature;C00003947;A00003262;BR0000030
V00000619;2019-06-22;2021-08-18;VISA Signature;C00003958;A00003269;BR0000042
V00000620;2019-02-26;2022-03-24;VISA Signature;C00003959;A00003270;BR0000039
V00000621;2019-06-03;2022-09-27;VISA Standard;C00003970;A00003279;BR0000029
V00000622;2019-09-22;2021-07-13;VISA Standard;C00003981;A00003290;BR0000040
V00000623;2019-06-19;2022-10-27;VISA Signature;C00003984;A00003293;BR0000021
V00000624;2019-05-20;2021-12-18;VISA Standard;C00003985;A00003294;BR0000021
V00000625;2019-06-20;2021-11-25;VISA Signature;C00003987;A00003296;BR0000024
V00000626;2019-04-22;2022-04-21;VISA Signature;C00003992;A00003300;BR0000019
V00000627;2019-06-21;2021-03-05;VISA Signature;C00003994;A00003302;BR0000045
V00000628;2019-10-08;2021-09-10;VISA Signature;C00004007;A00003315;BR0000030
V00000629;2019-03-22;2021-08-19;VISA Standard;C00004018;A00003324;BR0000022
V00000630;2019-01-24;2021-08-06;VISA Signature;C00004019;A00003325;BR0000043
V00000631;2019-05-17;2022-10-01;VISA Standard;C00004061;A00003359;BR0000011
V00000632;2019-03-19;2022-05-06;VISA Signature;C00004069;A00003366;BR0000017
V00000633;2019-07-01;2021-05-11;VISA Signature;C00004078;A00003372;BR0000030
V00000634;2019-11-20;2021-12-21;VISA Standard;C00004081;A00003375;BR0000019
V00000635;2019-10-13;2022-07-06;VISA Signature;C00004083;A00003377;BR0000007
V00000636;2019-07-09;2021-01-27;VISA Standard;C00004091;A00003383;BR0000027
V00000637;2019-04-29;2022-03-29;VISA Standard;C00004094;A00003386;BR0000033
V00000638;2019-08-21;2021-06-05;VISA Infinite;C00004100;A00003391;BR0000007
V00000639;2019-10-17;2022-12-16;VISA Signature;C00004112;A00003401;BR0000024
V00000640;2019-04-04;2022-03-07;VISA Signature;C00004115;A00003404;BR0000051
V00000641;2019-09-07;2022-02-02;VISA Signature;C00004116;A00003405;BR0000017
V00000642;2019-09-20;2022-09-14;VISA Signature;C00004137;A00003422;BR0000045
V00000643;2019-10-17;2021-04-20;VISA Signature;C00004157;A00003437;BR0000021
V00000644;2019-04-27;2022-12-06;VISA Signature;C00004165;A00003444;BR0000024
V00000645;2019-12-20;2022-01-03;VISA Signature;C00004166;A00003445;BR0000021
V00000646;2019-08-03;2022-06-14;VISA Signature;C00004167;A00003446;BR0000018
V00000647;2019-04-20;2021-11-09;VISA Standard;C00004171;A00003449;BR0000021
V00000648;2019-11-25;2021-02-01;VISA Signature;C00004188;A00003465;BR0000021
V00000649;2019-11-28;2022-06-07;VISA Signature;C00004190;A00003467;BR0000004
V00000650;2019-04-15;2021-12-05;VISA Signature;C00004194;A00003471;BR0000024
V00000651;2019-02-16;2021-10-19;VISA Standard;C00004201;A00003476;BR0000022
V00000652;2019-11-13;2022-10-13;VISA Signature;C00004211;A00003484;BR0000013
V00000653;2019-02-09;2022-08-15;VISA Signature;C00004212;A00003485;BR0000024
V00000654;2019-12-05;2021-05-01;VISA Signature;C00004230;A00003502;BR0000007
V00000655;2019-11-21;2021-04-07;VISA Signature;C00004231;A00003503;BR0000021
V00000656;2019-08-14;2022-07-21;VISA Signature;C00004235;A00003507;BR0000019
V00000657;2019-11-29;2022-06-28;VISA Standard;C00004246;A00003516;BR0000017
V00000658;2019-02-08;2022-06-21;VISA Signature;C00004251;A00003521;BR0000014
V00000659;2019-04-30;2021-03-30;VISA Signature;C00004258;A00003527;BR0000014
V00000660;2019-08-19;2022-12-21;VISA Standard;C00004265;A00003534;BR0000019
V00000661;2019-10-19;2022-03-12;VISA Signature;C00004270;A00003538;BR0000019
V00000662;2019-05-04;2021-09-20;VISA Signature;C00004293;A00003558;BR0000044
V00000663;2019-06-08;2022-01-28;VISA Signature;C00004295;A00003559;BR0000049
V00000664;2019-11-19;2021-08-24;VISA Signature;C00004316;A00003578;BR0000021
V00000665;2019-04-11;2022-10-12;VISA Signature;C00004318;A00003580;BR0000005
V00000666;2019-06-27;2022-02-12;VISA Standard;C00004328;A00003586;BR0000019
V00000667;2019-11-06;2022-03-14;VISA Signature;C00004333;A00003591;BR0000021
V00000668;2019-02-26;2021-04-21;VISA Signature;C00004340;A00003597;BR0000021
V00000669;2019-12-17;2022-12-02;VISA Signature;C00004341;A00003598;BR0000021
V00000670;2019-03-22;2022-02-12;VISA Signature;C00004343;A00003600;BR0000001
V00000671;2019-12-11;2022-08-17;VISA Signature;C00004345;A00003602;BR0000049
V00000672;2019-07-12;2021-12-30;VISA Signature;C00004349;A00003606;BR0000021
V00000673;2019-09-11;2022-03-13;VISA Standard;C00004353;A00003609;BR0000015
V00000674;2019-01-19;2022-08-21;VISA Signature;C00004360;A00003614;BR0000040
V00000675;2019-12-07;2022-06-08;VISA Signature;C00004376;A00003628;BR0000029
V00000676;2019-04-22;2022-04-04;VISA Signature;C00004380;A00003631;BR0000021
V00000677;2019-02-09;2022-10-17;VISA Standard;C00004382;A00003633;BR0000049
V00000678;2019-01-02;2022-09-28;VISA Infinite;C00004405;A00003654;BR0000046
V00000679;2019-09-17;2021-01-25;VISA Signature;C00004416;A00003663;BR0000024
V00000680;2019-12-28;2021-02-21;VISA Signature;C00004417;A00003664;BR0000021
V00000681;2019-05-21;2021-12-10;VISA Signature;C00004426;A00003672;BR0000048
V00000682;2019-07-26;2022-11-03;VISA Signature;C00004429;A00003675;BR0000041
V00000683;2019-10-31;2021-02-23;VISA Signature;C00004437;A00003681;BR0000029
V00000684;2019-10-09;2021-03-06;VISA Signature;C00004457;A00003696;BR0000021
V00000685;2019-10-05;2022-12-12;VISA Signature;C00004467;A00003705;BR0000026
V00000687;2019-01-08;2021-10-03;VISA Signature;C00004471;A00003708;BR0000041
V00000688;2019-12-03;2022-04-04;VISA Signature;C00004472;A00003709;BR0000007
V00000689;2019-04-27;2022-07-15;VISA Signature;C00004473;A00003710;BR0000021
V00000690;2019-01-26;2021-02-17;VISA Signature;C00004479;A00003714;BR0000033
V00000691;2019-01-09;2021-01-04;VISA Signature;C00004492;A00003724;BR0000009
V00000692;2019-04-05;2022-12-27;VISA Signature;C00004493;A00003725;BR0000051
V00000693;2019-02-16;2022-09-10;VISA Standard;C00004495;A00003727;BR0000017
V00000694;2019-10-18;2021-04-27;VISA Signature;C00004504;A00003733;BR0000051
V00000695;2019-11-20;2021-10-11;VISA Signature;C00004507;A00003735;BR0000021
V00000696;2019-04-11;2021-08-14;VISA Signature;C00004516;A00003743;BR0000021
V00000697;2019-12-01;2021-11-15;VISA Signature;C00004518;A00003745;BR0000016
V00000698;2019-10-11;2022-11-30;VISA Infinite;C00004522;A00003749;BR0000017
V00000699;2019-06-08;2022-03-10;VISA Signature;C00004532;A00003756;BR0000016
V00000700;2019-05-25;2021-03-07;VISA Standard;C00004533;A00003757;BR0000041
V00000701;2019-12-01;2021-09-16;VISA Signature;C00004534;A00003758;BR0000024
V00000702;2019-06-30;2021-10-19;VISA Signature;C00004543;A00003767;BR0000021
V00000703;2019-01-17;2021-07-05;VISA Signature;C00004546;A00003770;BR0000030
V00000704;2019-07-16;2022-08-28;VISA Infinite;C00004553;A00003776;BR0000021
V00000705;2019-08-22;2021-03-06;VISA Signature;C00004555;A00003778;BR0000024
V00000706;2019-07-03;2022-09-21;VISA Infinite;C00004559;A00003781;BR0000023
V00000707;2019-10-25;2021-09-10;VISA Signature;C00004560;A00003782;BR0000019
V00000708;2019-06-15;2022-07-11;VISA Standard;C00004568;A00003788;BR0000029
V00000709;2019-08-01;2021-11-07;VISA Standard;C00004587;A00003806;BR0000017
V00000710;2019-06-02;2021-08-17;VISA Standard;C00004588;A00003807;BR0000024
V00000711;2019-12-28;2022-05-07;VISA Signature;C00004592;A00003811;BR0000021
V00000713;2019-05-15;2021-02-13;VISA Signature;C00004627;A00003839;BR0000021
V00000714;2019-04-07;2022-02-22;VISA Signature;C00004638;A00003847;BR0000051
V00000715;2019-02-25;2022-12-03;VISA Standard;C00004639;A00003848;BR0000026
V00000716;2019-06-03;2021-11-26;VISA Standard;C00004651;A00003858;BR0000033
V00000717;2019-03-08;2021-10-30;VISA Signature;C00004654;A00003861;BR0000033
V00000718;2019-10-21;2021-02-05;VISA Signature;C00004660;A00003866;BR0000019
V00000719;2019-07-09;2021-08-01;VISA Signature;C00004663;A00003869;BR0000003
V00000720;2019-05-20;2022-12-29;VISA Standard;C00004674;A00003877;BR0000019
V00000721;2019-02-15;2021-09-04;VISA Standard;C00004680;A00003883;BR0000003
V00000722;2019-02-02;2022-06-25;VISA Signature;C00004684;A00003886;BR0000021
V00000723;2019-05-28;2022-08-17;VISA Signature;C00004699;A00003897;BR0000032
V00000724;2019-08-09;2022-11-02;VISA Infinite;C00004701;A00003899;BR0000013
V00000725;2019-09-24;2022-12-28;VISA Standard;C00004715;A00003909;BR0000050
V00000726;2019-08-21;2022-05-30;VISA Signature;C00004721;A00003915;BR0000019
V00000727;2019-06-07;2022-08-31;VISA Signature;C00004723;A00003917;BR0000021
V00000728;2019-07-08;2022-11-24;VISA Signature;C00004725;A00003919;BR0000034
V00000729;2019-10-13;2021-10-08;VISA Standard;C00004740;A00003931;BR0000015
V00000730;2019-10-30;2022-05-02;VISA Signature;C00004749;A00003938;BR0000019
V00000731;2019-06-20;2022-01-02;VISA Signature;C00004751;A00003940;BR0000023
V00000732;2019-01-28;2022-03-16;VISA Signature;C00004763;A00003948;BR0000021
V00000733;2019-12-17;2022-09-10;VISA Standard;C00004764;A00003949;BR0000001
V00000734;2019-11-22;2022-03-23;VISA Signature;C00004765;A00003950;BR0000019
V00000735;2019-08-11;2022-06-22;VISA Signature;C00004772;A00003956;BR0000018
V00000736;2019-12-06;2021-12-25;VISA Signature;C00004789;A00003970;BR0000025
V00000737;2019-08-15;2021-06-15;VISA Signature;C00004791;A00003972;BR0000019
V00000738;2019-04-22;2022-03-14;VISA Standard;C00004808;A00003988;BR0000030
V00000739;2019-10-04;2021-01-08;VISA Signature;C00004821;A00003999;BR0000023
V00000740;2019-10-28;2021-01-08;VISA Standard;C00004823;A00004000;BR0000010
V00000741;2019-05-13;2022-03-02;VISA Signature;C00004832;A00004009;BR0000019
V00000742;2019-03-20;2022-07-27;VISA Signature;C00004833;A00004010;BR0000039
V00000743;2019-10-06;2022-04-14;VISA Infinite;C00004862;A00004034;BR0000021
V00000744;2019-05-09;2022-11-06;VISA Signature;C00004863;A00004035;BR0000021
V00000746;2019-02-16;2021-11-22;VISA Signature;C00004901;A00004066;BR0000003
V00000747;2019-02-27;2022-09-15;VISA Signature;C00004915;A00004078;BR0000038
V00000748;2019-02-02;2021-08-14;VISA Signature;C00004923;A00004086;BR0000017
V00000749;2019-02-17;2022-08-16;VISA Signature;C00004929;A00004092;BR0000007
V00000750;2019-01-04;2021-12-25;VISA Signature;C00004937;A00004099;BR0000001
V00000751;2019-05-31;2021-07-05;VISA Standard;C00004941;A00004102;BR0000019
V00000752;2019-06-26;2021-08-03;VISA Standard;C00004944;A00004105;BR0000019
V00000753;2019-12-26;2022-10-08;VISA Signature;C00004974;A00004131;BR0000006
V00000754;2019-12-05;2022-11-30;VISA Standard;C00004976;A00004132;BR0000017
V00000755;2019-09-11;2021-07-14;VISA Signature;C00005002;A00004150;BR0000019
V00000756;2019-12-07;2022-01-18;VISA Signature;C00005012;A00004158;BR0000001
V00000757;2019-05-28;2021-11-18;VISA Standard;C00005013;A00004159;BR0000021
V00000758;2019-12-26;2022-11-07;VISA Signature;C00005016;A00004161;BR0000021
V00000759;2019-12-24;2021-05-18;VISA Standard;C00005117;A00004245;BR0000024
V00000760;2019-09-20;2022-01-17;VISA Signature;C00005126;A00004253;BR0000005
V00000761;2019-04-11;2021-04-07;VISA Infinite;C00005128;A00004255;BR0000029
V00000762;2019-01-23;2021-03-20;VISA Signature;C00005132;A00004258;BR0000019
V00000763;2019-03-17;2022-07-19;VISA Standard;C00005138;A00004264;BR0000047
V00000764;2019-02-16;2022-06-16;VISA Signature;C00005159;A00004283;BR0000016
V00000765;2019-06-16;2021-07-31;VISA Signature;C00005175;A00004296;BR0000024
V00000766;2019-02-28;2022-12-15;VISA Signature;C00005200;A00004318;BR0000051
V00000767;2019-01-30;2022-02-01;VISA Signature;C00005204;A00004321;BR0000046
V00000768;2019-10-31;2022-03-07;VISA Signature;C00005223;A00004336;BR0000033
V00000769;2019-12-28;2022-03-05;VISA Signature;C00005224;A00004337;BR0000027
V00000770;2019-06-04;2021-12-27;VISA Signature;C00005232;A00004342;BR0000007
V00000771;2019-12-20;2021-12-26;VISA Signature;C00005233;A00004343;BR0000017
V00000772;2019-05-29;2022-07-28;VISA Signature;C00005243;A00004352;BR0000033
V00000773;2019-12-30;2021-03-03;VISA Signature;C00005245;A00004354;BR0000024
V00000774;2019-12-18;2021-10-18;VISA Signature;C00005249;A00004358;BR0000006
V00000775;2019-10-20;2021-11-04;VISA Infinite;C00005253;A00004361;BR0000019
V00000776;2019-04-03;2022-10-02;VISA Signature;C00005263;A00004368;BR0000021
V00000778;2019-04-22;2022-02-07;VISA Signature;C00005275;A00004377;BR0000015
V00000779;2019-12-02;2022-01-08;VISA Standard;C00005323;A00004416;BR0000020
V00000780;2019-12-21;2022-05-13;VISA Signature;C00005333;A00004423;BR0000016
V00000781;2019-01-17;2022-07-09;VISA Signature;C00005366;A00004448;BR0000019
V00000782;2019-02-18;2022-05-02;VISA Signature;C00005376;A00004456;BR0000020
V00000783;2019-07-08;2022-12-19;VISA Standard;C00005433;A00004503;BR0000021
V00000784;2019-05-05;2021-07-23;VISA Signature;C00005461;A00004527;BR0000019
V00000785;2019-11-20;2022-02-16;VISA Signature;C00005468;A00004533;BR0000017
V00000786;2019-11-21;2021-07-09;VISA Signature;C00005478;A00004543;BR0000051
V00000791;2019-12-27;2021-04-02;VISA Signature;C00005521;A00004580;BR0000019
V00000792;2019-09-19;2022-02-23;VISA Signature;C00005526;A00004585;BR0000001
V00000795;2019-12-16;2022-10-26;VISA Signature;C00005563;A00004616;BR0000021
V00000796;2019-07-23;2021-10-23;VISA Signature;C00005579;A00004631;BR0000021
V00000801;2019-02-27;2021-06-01;VISA Signature;C00005684;A00004715;BR0000011
V00000803;2019-06-03;2021-12-07;VISA Signature;C00005727;A00004746;BR0000001
V00000813;2019-08-20;2022-02-06;VISA Standard;C00005873;A00004863;BR0000006
V00000814;2019-12-20;2021-08-11;VISA Signature;C00005911;A00004894;BR0000020
V00000819;2019-09-12;2021-09-01;VISA Infinite;C00005978;A00004949;BR0000051
V00000820;2019-05-09;2021-02-01;VISA Signature;C00006039;A00004999;BR0000021
V00000823;2019-07-03;2021-07-14;VISA Signature;C00006178;A00005120;BR0000021
V00000824;2019-01-31;2021-05-24;VISA Signature;C00006196;A00005133;BR0000017
V00000829;2019-03-06;2022-11-17;VISA Signature;C00006255;A00005180;BR0000001
V00000831;2019-10-09;2021-07-07;VISA Signature;C00006275;A00005196;BR0000032
V00000833;2019-07-30;2021-09-19;VISA Signature;C00006299;A00005213;BR0000021
V00000834;2019-12-16;2021-02-17;VISA Signature;C00006301;A00005215;BR0000019
V00000841;2019-07-03;2021-08-27;VISA Signature;C00006468;A00005357;BR0000029
V00000844;2019-06-25;2022-09-04;VISA Standard;C00006567;A00005442;BR0000006
V00000847;2019-12-20;2022-05-17;VISA Signature;C00006610;A00005477;BR0000019
V00000850;2019-10-14;2021-12-08;VISA Signature;C00006644;A00005505;BR0000021
V00000854;2019-08-19;2022-08-31;VISA Signature;C00006753;A00005593;BR0000050
V00000855;2019-09-10;2021-03-30;VISA Signature;C00006764;A00005602;BR0000040
V00000857;2019-05-11;2021-01-09;VISA Standard;C00006789;A00005622;BR0000019
V00000863;2019-03-03;2021-03-24;VISA Signature;C00006906;A00005708;BR0000041
V00000874;2019-10-14;2022-04-24;VISA Infinite;C00007127;A00005891;BR0000022
V00000880;2019-02-08;2022-11-04;VISA Signature;C00007186;A00005944;BR0000001
V00000882;2019-04-14;2021-01-27;VISA Signature;C00007195;A00005952;BR0000021
V00000884;2019-11-15;2022-05-10;VISA Infinite;C00007286;A00006030;BR0000046
V00000886;2019-05-01;2022-05-28;VISA Signature;C00007325;A00006062;BR0000025
V00000890;2019-02-15;2022-02-26;VISA Signature;C00007422;A00006148;BR0000007
V00000891;2019-06-14;2021-06-04;VISA Signature;C00007434;A00006157;BR0000034
V00000896;2019-06-15;2021-12-29;VISA Signature;C00007567;A00006265;BR0000006
V00000897;2019-02-26;2021-11-13;VISA Signature;C00007576;A00006273;BR0000024
V00000904;2019-03-23;2022-05-09;VISA Signature;C00007672;A00006353;BR0000048
V00000906;2019-04-08;2021-10-18;VISA Infinite;C00007683;A00006363;BR0000028
V00000918;2019-05-06;2022-10-17;VISA Signature;C00007796;A00006461;BR0000021
V00000923;2019-06-05;2021-02-15;VISA Signature;C00007855;A00006505;BR0000010
V00000924;2019-10-21;2021-03-14;VISA Signature;C00007862;A00006510;BR0000007
V00000933;2019-02-16;2022-10-06;VISA Standard;C00007959;A00006592;BR0000021
V00000936;2019-07-11;2022-04-13;VISA Signature;C00008030;A00006649;BR0000021
V00000939;2019-04-19;2021-05-09;VISA Standard;C00008217;A00006806;BR0000019
V00000942;2019-01-11;2022-12-12;VISA Signature;C00008295;A00006872;BR0000050
V00000945;2019-06-11;2021-03-13;VISA Standard;C00008342;A00006910;BR0000021
V00000946;2019-07-22;2022-04-20;VISA Standard;C00008359;A00006924;BR0000007
V00000947;2019-09-09;2021-05-27;VISA Signature;C00008366;A00006930;BR0000008
V00000951;2019-10-31;2022-05-05;VISA Signature;C00008392;A00006950;BR0000017
V00000956;2019-02-09;2021-07-25;VISA Signature;C00008502;A00007045;BR0000019
V00000957;2019-12-16;2022-10-20;VISA Standard;C00008506;A00007049;BR0000019
V00000965;2019-10-18;2021-06-30;VISA Signature;C00008636;A00007156;BR0000019
V00000977;2019-03-27;2021-08-26;VISA Signature;C00009276;A00007487;BR0000044
V00000989;2019-04-29;2022-10-24;VISA Signature;C00009427;A00007614;BR0000008
V00000991;2019-06-09;2021-02-17;VISA Standard;C00009457;A00007637;BR0000029
V00001001;2019-05-21;2021-04-16;VISA Signature;C00009555;A00007721;BR0000032
V00001002;2019-01-26;2022-12-09;VISA Signature;C00009569;A00007733;BR0000040
V00001003;2019-12-17;2021-11-28;VISA Signature;C00009582;A00007745;BR0000033
V00001005;2019-02-07;2022-05-29;VISA Signature;C00009593;A00007753;BR0000007
V00001007;2019-06-26;2021-03-20;VISA Infinite;C00009641;A00007795;BR0000041
V00001009;2019-10-10;2021-10-04;VISA Infinite;C00009717;A00007859;BR0000024
V00001010;2019-12-06;2021-07-06;VISA Signature;C00009721;A00007861;BR0000034
V00001014;2019-03-24;2022-02-03;VISA Signature;C00009760;A00007894;BR0000001
V00001016;2019-03-09;2021-09-30;VISA Signature;C00009833;A00007957;BR0000019
V00001022;2019-04-19;2021-09-18;VISA Signature;C00009914;A00008026;BR0000017
V00001023;2019-01-19;2022-01-24;VISA Signature;C00009929;A00008038;BR0000046
V00001024;2019-04-05;2022-12-30;VISA Signature;C00009930;A00008039;BR0000019
V00001025;2019-09-10;2021-08-25;VISA Signature;C00009933;A00008041;BR0000007
V00001035;2019-06-24;2021-10-30;VISA Signature;C00010040;A00008127;BR0000042
V00001036;2019-01-25;2022-10-16;VISA Signature;C00010043;A00008129;BR0000047
V00001038;2019-08-14;2021-03-25;VISA Standard;C00010095;A00008173;BR0000021
V00001039;2019-08-25;2021-09-10;VISA Signature;C00010145;A00008212;BR0000044
V00001040;2019-11-14;2021-04-06;VISA Standard;C00010198;A00008260;BR0000035
V00001043;2019-09-17;2022-07-06;VISA Standard;C00010282;A00008327;BR0000021
V00001055;2019-11-29;2022-12-19;VISA Signature;C00010479;A00008492;BR0000033
V00001056;2019-11-08;2021-11-16;VISA Signature;C00010528;A00008533;BR0000046
V00001059;2019-07-01;2021-11-04;VISA Signature;C00010543;A00008547;BR0000020
V00001064;2019-10-13;2021-12-04;VISA Signature;C00010636;A00008625;BR0000041
V00001070;2019-08-31;2021-06-23;VISA Standard;C00010798;A00008759;BR0000021
V00001076;2019-10-12;2021-01-13;VISA Infinite;C00010912;A00008856;BR0000050
V00001081;2019-12-11;2021-10-26;VISA Signature;C00011004;A00008931;BR0000024
V00001087;2019-08-30;2022-12-12;VISA Signature;C00011195;A00009093;BR0000019
V00001093;2019-12-06;2021-12-16;VISA Signature;C00011319;A00009192;BR0000021
V00001095;2019-08-21;2021-08-17;VISA Infinite;C00011331;A00009203;BR0000029
V00001098;2019-05-06;2022-06-06;VISA Signature;C00011371;A00009235;BR0000042
V00001100;2019-02-16;2021-04-30;VISA Standard;C00011409;A00009265;BR0000037
V00001102;2019-12-30;2021-01-20;VISA Signature;C00011491;A00009333;BR0000017
V00001103;2019-05-30;2022-07-02;VISA Signature;C00011497;A00009337;BR0000043
V00001105;2019-10-29;2021-02-19;VISA Signature;C00011545;A00009377;BR0000021
V00001111;2019-03-20;2022-06-28;VISA Signature;C00011596;A00009422;BR0000029
V00001115;2019-07-14;2022-10-15;VISA Standard;C00011683;A00009491;BR0000010
V00001118;2019-12-02;2022-02-16;VISA Signature;C00011701;A00009504;BR0000019
V00001134;2019-10-02;2021-11-02;VISA Signature;C00012050;A00009790;BR0000024
V00001137;2019-08-08;2021-05-24;VISA Infinite;C00012079;A00009814;BR0000041
V00001138;2019-11-17;2021-03-29;VISA Signature;C00012133;A00009859;BR0000001
V00001139;2019-06-02;2021-07-20;VISA Standard;C00012144;A00009869;BR0000033
V00001150;2019-08-27;2021-02-02;VISA Signature;C00012328;A00010022;BR0000021
V00001154;2019-06-12;2021-05-04;VISA Signature;C00012378;A00010065;BR0000021
V00001155;2019-11-25;2021-05-30;VISA Signature;C00012396;A00010079;BR0000008
V00001164;2019-05-28;2021-06-19;VISA Signature;C00012577;A00010227;BR0000008
V00001165;2019-02-25;2022-02-22;VISA Signature;C00012599;A00010243;BR0000014
V00001167;2019-02-12;2022-07-09;VISA Signature;C00012643;A00010280;BR0000019
V00001169;2019-12-04;2021-03-12;VISA Signature;C00012662;A00010297;BR0000020
V00001173;2019-04-22;2021-02-02;VISA Signature;C00012750;A00010361;BR0000045
V00001175;2019-01-02;2021-05-09;VISA Signature;C00012802;A00010404;BR0000021
V00001176;2019-07-25;2022-03-08;VISA Infinite;C00012810;A00010411;BR0000016
V00001177;2019-04-13;2022-07-02;VISA Infinite;C00012843;A00010439;BR0000017
V00001178;2019-03-18;2022-07-23;VISA Signature;C00012850;A00010445;BR0000003
V00001187;2019-07-10;2021-10-10;VISA Infinite;C00012943;A00010520;BR0000019
V00001188;2019-05-20;2021-11-20;VISA Signature;C00012986;A00010558;BR0000038
V00001189;2019-11-13;2022-05-15;VISA Signature;C00012991;A00010562;BR0000019
V00001192;2019-03-18;2022-10-29;VISA Signature;C00013044;A00010607;BR0000024
V00001193;2019-05-25;2021-05-15;VISA Signature;C00013051;A00010613;BR0000019
V00001194;2019-04-29;2022-12-29;VISA Standard;C00013089;A00010644;BR0000009
V00001195;2019-12-24;2021-08-01;VISA Infinite;C00013095;A00010650;BR0000021
V00001196;2019-07-25;2022-11-09;VISA Signature;C00013113;A00010663;BR0000043
V00001199;2019-02-06;2021-04-18;VISA Signature;C00013134;A00010679;BR0000021
V00001203;2019-04-01;2021-05-26;VISA Signature;C00013201;A00010738;BR0000035
V00001216;2019-09-27;2021-11-05;VISA Signature;C00013405;A00010905;BR0000037
V00001217;2019-05-14;2021-05-16;VISA Standard;C00013406;A00010906;BR0000031
V00001220;2019-11-29;2021-06-29;VISA Signature;C00013468;A00010954;BR0000002
V00001223;2019-11-09;2021-01-02;VISA Standard;C00013539;A00011013;BR0000024
V00001225;2019-11-23;2022-10-05;VISA Signature;C00013576;A00011042;BR0000003
V00001230;2019-12-21;2022-11-07;VISA Signature;C00013620;A00011079;BR0000009
V00001233;2019-02-16;2021-06-30;VISA Signature;C00013690;A00011138;BR0000029
V00001234;2019-02-19;2021-07-01;VISA Signature;C00013694;A00011141;BR0000021
V00001239;2019-10-16;2022-05-17;VISA Standard;C00013750;A00011186;BR0000028
V00001247;2019-07-19;2021-01-12;VISA Signature;C00013968;A00011359;BR0000019
